"status","extension","filename","file_path","windows_path"
"published","json","6-f4bcaf8aca-5qs7n1.json","webengine/views/z/pvl/6-f4bcaf8aca-5qs7n1.json","webengine\views\z\pvl\6-f4bcaf8aca-5qs7n1.json"
"published","zhtml","6-f4bcaf8aca-5qs7n1.zhtml","webengine/views/z/pvl/6-f4bcaf8aca-5qs7n1.zhtml","webengine\views\z\pvl\6-f4bcaf8aca-5qs7n1.zhtml"
"published","json","7-8086adfae5-drprsb.json","webengine/views/z/pvl/7-8086adfae5-drprsb.json","webengine\views\z\pvl\7-8086adfae5-drprsb.json"
"published","zhtml","7-8086adfae5-drprsb.zhtml","webengine/views/z/pvl/7-8086adfae5-drprsb.zhtml","webengine\views\z\pvl\7-8086adfae5-drprsb.zhtml"
"published","json","7-80b5f9b49f-fhfxmj.json","webengine/views/z/pvl/7-80b5f9b49f-fhfxmj.json","webengine\views\z\pvl\7-80b5f9b49f-fhfxmj.json"
"published","zhtml","7-80b5f9b49f-fhfxmj.zhtml","webengine/views/z/pvl/7-80b5f9b49f-fhfxmj.zhtml","webengine\views\z\pvl\7-80b5f9b49f-fhfxmj.zhtml"
"published","json","7-80c9aca597-0nnn95.json","webengine/views/z/pvl/7-80c9aca597-0nnn95.json","webengine\views\z\pvl\7-80c9aca597-0nnn95.json"
"published","zhtml","7-80c9aca597-0nnn95.zhtml","webengine/views/z/pvl/7-80c9aca597-0nnn95.zhtml","webengine\views\z\pvl\7-80c9aca597-0nnn95.zhtml"
"published","json","7-80dbf4ce96-xgr0h3.json","webengine/views/z/pvl/7-80dbf4ce96-xgr0h3.json","webengine\views\z\pvl\7-80dbf4ce96-xgr0h3.json"
"published","zhtml","7-80dbf4ce96-xgr0h3.zhtml","webengine/views/z/pvl/7-80dbf4ce96-xgr0h3.zhtml","webengine\views\z\pvl\7-80dbf4ce96-xgr0h3.zhtml"
"published","json","7-80e8a59f83-6d71vp.json","webengine/views/z/pvl/7-80e8a59f83-6d71vp.json","webengine\views\z\pvl\7-80e8a59f83-6d71vp.json"
"published","zhtml","7-80e8a59f83-6d71vp.zhtml","webengine/views/z/pvl/7-80e8a59f83-6d71vp.zhtml","webengine\views\z\pvl\7-80e8a59f83-6d71vp.zhtml"
"published","json","7-8280ffb0b4-468gfh.json","webengine/views/z/pvl/7-8280ffb0b4-468gfh.json","webengine\views\z\pvl\7-8280ffb0b4-468gfh.json"
"published","zhtml","7-8280ffb0b4-468gfh.zhtml","webengine/views/z/pvl/7-8280ffb0b4-468gfh.zhtml","webengine\views\z\pvl\7-8280ffb0b4-468gfh.zhtml"
"published","json","7-82a5b6d0ee-hxrjw4.json","webengine/views/z/pvl/7-82a5b6d0ee-hxrjw4.json","webengine\views\z\pvl\7-82a5b6d0ee-hxrjw4.json"
"published","zhtml","7-82a5b6d0ee-hxrjw4.zhtml","webengine/views/z/pvl/7-82a5b6d0ee-hxrjw4.zhtml","webengine\views\z\pvl\7-82a5b6d0ee-hxrjw4.zhtml"
"published","json","7-84fcb5a2b1-f6tb1q.json","webengine/views/z/pvl/7-84fcb5a2b1-f6tb1q.json","webengine\views\z\pvl\7-84fcb5a2b1-f6tb1q.json"
"published","zhtml","7-84fcb5a2b1-f6tb1q.zhtml","webengine/views/z/pvl/7-84fcb5a2b1-f6tb1q.zhtml","webengine\views\z\pvl\7-84fcb5a2b1-f6tb1q.zhtml"
"published","json","7-888fb7edb7-lz3nlc.json","webengine/views/z/pvl/7-888fb7edb7-lz3nlc.json","webengine\views\z\pvl\7-888fb7edb7-lz3nlc.json"
"published","zhtml","7-888fb7edb7-lz3nlc.zhtml","webengine/views/z/pvl/7-888fb7edb7-lz3nlc.zhtml","webengine\views\z\pvl\7-888fb7edb7-lz3nlc.zhtml"
"published","json","7-8897e08cac-r89t8x.json","webengine/views/z/pvl/7-8897e08cac-r89t8x.json","webengine\views\z\pvl\7-8897e08cac-r89t8x.json"
"published","zhtml","7-8897e08cac-r89t8x.zhtml","webengine/views/z/pvl/7-8897e08cac-r89t8x.zhtml","webengine\views\z\pvl\7-8897e08cac-r89t8x.zhtml"
"published","json","7-889a9186bd-791c5m.json","webengine/views/z/pvl/7-889a9186bd-791c5m.json","webengine\views\z\pvl\7-889a9186bd-791c5m.json"
"published","zhtml","7-889a9186bd-791c5m.zhtml","webengine/views/z/pvl/7-889a9186bd-791c5m.zhtml","webengine\views\z\pvl\7-889a9186bd-791c5m.zhtml"
"published","json","7-889ab5d6f8-2g2mf4.json","webengine/views/z/pvl/7-889ab5d6f8-2g2mf4.json","webengine\views\z\pvl\7-889ab5d6f8-2g2mf4.json"
"published","zhtml","7-889ab5d6f8-2g2mf4.zhtml","webengine/views/z/pvl/7-889ab5d6f8-2g2mf4.zhtml","webengine\views\z\pvl\7-889ab5d6f8-2g2mf4.zhtml"
"published","json","7-88a1a09a96-xn57z0.json","webengine/views/z/pvl/7-88a1a09a96-xn57z0.json","webengine\views\z\pvl\7-88a1a09a96-xn57z0.json"
"published","zhtml","7-88a1a09a96-xn57z0.zhtml","webengine/views/z/pvl/7-88a1a09a96-xn57z0.zhtml","webengine\views\z\pvl\7-88a1a09a96-xn57z0.zhtml"
"published","json","7-88adbe9ae3-pmhr50.json","webengine/views/z/pvl/7-88adbe9ae3-pmhr50.json","webengine\views\z\pvl\7-88adbe9ae3-pmhr50.json"
"published","zhtml","7-88adbe9ae3-pmhr50.zhtml","webengine/views/z/pvl/7-88adbe9ae3-pmhr50.zhtml","webengine\views\z\pvl\7-88adbe9ae3-pmhr50.zhtml"
"published","json","7-88c4eec3e4-rr7xph.json","webengine/views/z/pvl/7-88c4eec3e4-rr7xph.json","webengine\views\z\pvl\7-88c4eec3e4-rr7xph.json"
"published","zhtml","7-88c4eec3e4-rr7xph.zhtml","webengine/views/z/pvl/7-88c4eec3e4-rr7xph.zhtml","webengine\views\z\pvl\7-88c4eec3e4-rr7xph.zhtml"
"published","json","7-88c5a3ca88-vwkq2t.json","webengine/views/z/pvl/7-88c5a3ca88-vwkq2t.json","webengine\views\z\pvl\7-88c5a3ca88-vwkq2t.json"
"published","zhtml","7-88c5a3ca88-vwkq2t.zhtml","webengine/views/z/pvl/7-88c5a3ca88-vwkq2t.zhtml","webengine\views\z\pvl\7-88c5a3ca88-vwkq2t.zhtml"
"published","json","7-88f48586ec-ldf7dl.json","webengine/views/z/pvl/7-88f48586ec-ldf7dl.json","webengine\views\z\pvl\7-88f48586ec-ldf7dl.json"
"published","zhtml","7-88f48586ec-ldf7dl.zhtml","webengine/views/z/pvl/7-88f48586ec-ldf7dl.zhtml","webengine\views\z\pvl\7-88f48586ec-ldf7dl.zhtml"
"published","json","7-88f593bdf1-6pn8p4.json","webengine/views/z/pvl/7-88f593bdf1-6pn8p4.json","webengine\views\z\pvl\7-88f593bdf1-6pn8p4.json"
"published","zhtml","7-88f593bdf1-6pn8p4.zhtml","webengine/views/z/pvl/7-88f593bdf1-6pn8p4.zhtml","webengine\views\z\pvl\7-88f593bdf1-6pn8p4.zhtml"
"published","json","7-8a86a79ab6-2qdf9t.json","webengine/views/z/pvl/7-8a86a79ab6-2qdf9t.json","webengine\views\z\pvl\7-8a86a79ab6-2qdf9t.json"
"published","zhtml","7-8a86a79ab6-2qdf9t.zhtml","webengine/views/z/pvl/7-8a86a79ab6-2qdf9t.zhtml","webengine\views\z\pvl\7-8a86a79ab6-2qdf9t.zhtml"
"published","json","7-8aa7e99ca6-vn262f.json","webengine/views/z/pvl/7-8aa7e99ca6-vn262f.json","webengine\views\z\pvl\7-8aa7e99ca6-vn262f.json"
"published","zhtml","7-8aa7e99ca6-vn262f.zhtml","webengine/views/z/pvl/7-8aa7e99ca6-vn262f.zhtml","webengine\views\z\pvl\7-8aa7e99ca6-vn262f.zhtml"
"published","json","7-8cabb0e8b4-j3srrp.json","webengine/views/z/pvl/7-8cabb0e8b4-j3srrp.json","webengine\views\z\pvl\7-8cabb0e8b4-j3srrp.json"
"published","zhtml","7-8cabb0e8b4-j3srrp.zhtml","webengine/views/z/pvl/7-8cabb0e8b4-j3srrp.zhtml","webengine\views\z\pvl\7-8cabb0e8b4-j3srrp.zhtml"
"published","json","7-8ea9f2bff4-8s0chw.json","webengine/views/z/pvl/7-8ea9f2bff4-8s0chw.json","webengine\views\z\pvl\7-8ea9f2bff4-8s0chw.json"
"published","zhtml","7-8ea9f2bff4-8s0chw.zhtml","webengine/views/z/pvl/7-8ea9f2bff4-8s0chw.zhtml","webengine\views\z\pvl\7-8ea9f2bff4-8s0chw.zhtml"
"published","json","7-8eb496d6e5-bdv7rt.json","webengine/views/z/pvl/7-8eb496d6e5-bdv7rt.json","webengine\views\z\pvl\7-8eb496d6e5-bdv7rt.json"
"published","zhtml","7-8eb496d6e5-bdv7rt.zhtml","webengine/views/z/pvl/7-8eb496d6e5-bdv7rt.zhtml","webengine\views\z\pvl\7-8eb496d6e5-bdv7rt.zhtml"
"published","json","7-8ef1d18ffe-2trr0c.json","webengine/views/z/pvl/7-8ef1d18ffe-2trr0c.json","webengine\views\z\pvl\7-8ef1d18ffe-2trr0c.json"
"published","zhtml","7-8ef1d18ffe-2trr0c.zhtml","webengine/views/z/pvl/7-8ef1d18ffe-2trr0c.zhtml","webengine\views\z\pvl\7-8ef1d18ffe-2trr0c.zhtml"
"published","json","7-90839cc7f3-5jk795.json","webengine/views/z/pvl/7-90839cc7f3-5jk795.json","webengine\views\z\pvl\7-90839cc7f3-5jk795.json"
"published","zhtml","7-90839cc7f3-5jk795.zhtml","webengine/views/z/pvl/7-90839cc7f3-5jk795.zhtml","webengine\views\z\pvl\7-90839cc7f3-5jk795.zhtml"
"published","json","7-90a28e84f5-td9lc1.json","webengine/views/z/pvl/7-90a28e84f5-td9lc1.json","webengine\views\z\pvl\7-90a28e84f5-td9lc1.json"
"published","zhtml","7-90a28e84f5-td9lc1.zhtml","webengine/views/z/pvl/7-90a28e84f5-td9lc1.zhtml","webengine\views\z\pvl\7-90a28e84f5-td9lc1.zhtml"
"published","json","7-90b0e4cd9f-cd945b.json","webengine/views/z/pvl/7-90b0e4cd9f-cd945b.json","webengine\views\z\pvl\7-90b0e4cd9f-cd945b.json"
"published","zhtml","7-90b0e4cd9f-cd945b.zhtml","webengine/views/z/pvl/7-90b0e4cd9f-cd945b.zhtml","webengine\views\z\pvl\7-90b0e4cd9f-cd945b.zhtml"
"published","json","7-90b8e3b5da-slx9j2.json","webengine/views/z/pvl/7-90b8e3b5da-slx9j2.json","webengine\views\z\pvl\7-90b8e3b5da-slx9j2.json"
"published","zhtml","7-90b8e3b5da-slx9j2.zhtml","webengine/views/z/pvl/7-90b8e3b5da-slx9j2.zhtml","webengine\views\z\pvl\7-90b8e3b5da-slx9j2.zhtml"
"published","json","7-90fe96b1aa-8n0fbf.json","webengine/views/z/pvl/7-90fe96b1aa-8n0fbf.json","webengine\views\z\pvl\7-90fe96b1aa-8n0fbf.json"
"published","zhtml","7-90fe96b1aa-8n0fbf.zhtml","webengine/views/z/pvl/7-90fe96b1aa-8n0fbf.zhtml","webengine\views\z\pvl\7-90fe96b1aa-8n0fbf.zhtml"
"published","json","7-92ae8fde97-9472ts.json","webengine/views/z/pvl/7-92ae8fde97-9472ts.json","webengine\views\z\pvl\7-92ae8fde97-9472ts.json"
"published","zhtml","7-92ae8fde97-9472ts.zhtml","webengine/views/z/pvl/7-92ae8fde97-9472ts.zhtml","webengine\views\z\pvl\7-92ae8fde97-9472ts.zhtml"
"published","json","7-92c19eb2c1-vkw1w2.json","webengine/views/z/pvl/7-92c19eb2c1-vkw1w2.json","webengine\views\z\pvl\7-92c19eb2c1-vkw1w2.json"
"published","zhtml","7-92c19eb2c1-vkw1w2.zhtml","webengine/views/z/pvl/7-92c19eb2c1-vkw1w2.zhtml","webengine\views\z\pvl\7-92c19eb2c1-vkw1w2.zhtml"
"published","json","7-9490eae5e1-cmf36m.json","webengine/views/z/pvl/7-9490eae5e1-cmf36m.json","webengine\views\z\pvl\7-9490eae5e1-cmf36m.json"
"published","zhtml","7-9490eae5e1-cmf36m.zhtml","webengine/views/z/pvl/7-9490eae5e1-cmf36m.zhtml","webengine\views\z\pvl\7-9490eae5e1-cmf36m.zhtml"
"published","json","7-94caeee3e7-tpmxv6.json","webengine/views/z/pvl/7-94caeee3e7-tpmxv6.json","webengine\views\z\pvl\7-94caeee3e7-tpmxv6.json"
"published","zhtml","7-94caeee3e7-tpmxv6.zhtml","webengine/views/z/pvl/7-94caeee3e7-tpmxv6.zhtml","webengine\views\z\pvl\7-94caeee3e7-tpmxv6.zhtml"
"published","json","7-94d5b6a49a-zzfwq3.json","webengine/views/z/pvl/7-94d5b6a49a-zzfwq3.json","webengine\views\z\pvl\7-94d5b6a49a-zzfwq3.json"
"published","zhtml","7-94d5b6a49a-zzfwq3.zhtml","webengine/views/z/pvl/7-94d5b6a49a-zzfwq3.zhtml","webengine\views\z\pvl\7-94d5b6a49a-zzfwq3.zhtml"
"published","json","7-94d5e58ef6-65fk0x.json","webengine/views/z/pvl/7-94d5e58ef6-65fk0x.json","webengine\views\z\pvl\7-94d5e58ef6-65fk0x.json"
"published","zhtml","7-94d5e58ef6-65fk0x.zhtml","webengine/views/z/pvl/7-94d5e58ef6-65fk0x.zhtml","webengine\views\z\pvl\7-94d5e58ef6-65fk0x.zhtml"
"published","json","7-96a4cfee99-pdtp9z.json","webengine/views/z/pvl/7-96a4cfee99-pdtp9z.json","webengine\views\z\pvl\7-96a4cfee99-pdtp9z.json"
"published","zhtml","7-96a4cfee99-pdtp9z.zhtml","webengine/views/z/pvl/7-96a4cfee99-pdtp9z.zhtml","webengine\views\z\pvl\7-96a4cfee99-pdtp9z.zhtml"
"published","json","7-96bebeeedd-k1h8cl.json","webengine/views/z/pvl/7-96bebeeedd-k1h8cl.json","webengine\views\z\pvl\7-96bebeeedd-k1h8cl.json"
"published","zhtml","7-96bebeeedd-k1h8cl.zhtml","webengine/views/z/pvl/7-96bebeeedd-k1h8cl.zhtml","webengine\views\z\pvl\7-96bebeeedd-k1h8cl.zhtml"
"published","json","7-98c492b1ea-h60r1z.json","webengine/views/z/pvl/7-98c492b1ea-h60r1z.json","webengine\views\z\pvl\7-98c492b1ea-h60r1z.json"
"published","zhtml","7-98c492b1ea-h60r1z.zhtml","webengine/views/z/pvl/7-98c492b1ea-h60r1z.zhtml","webengine\views\z\pvl\7-98c492b1ea-h60r1z.zhtml"
"published","json","7-98cee184ee-r94bfx.json","webengine/views/z/pvl/7-98cee184ee-r94bfx.json","webengine\views\z\pvl\7-98cee184ee-r94bfx.json"
"published","zhtml","7-98cee184ee-r94bfx.zhtml","webengine/views/z/pvl/7-98cee184ee-r94bfx.zhtml","webengine\views\z\pvl\7-98cee184ee-r94bfx.zhtml"
"published","json","7-9aa6c8f4d2-wtldf6.json","webengine/views/z/pvl/7-9aa6c8f4d2-wtldf6.json","webengine\views\z\pvl\7-9aa6c8f4d2-wtldf6.json"
"published","zhtml","7-9aa6c8f4d2-wtldf6.zhtml","webengine/views/z/pvl/7-9aa6c8f4d2-wtldf6.zhtml","webengine\views\z\pvl\7-9aa6c8f4d2-wtldf6.zhtml"
"published","json","7-9ab1b29d93-7060k5.json","webengine/views/z/pvl/7-9ab1b29d93-7060k5.json","webengine\views\z\pvl\7-9ab1b29d93-7060k5.json"
"published","zhtml","7-9ab1b29d93-7060k5.zhtml","webengine/views/z/pvl/7-9ab1b29d93-7060k5.zhtml","webengine\views\z\pvl\7-9ab1b29d93-7060k5.zhtml"
"published","json","7-9ad6edfdd7-3z8dmg.json","webengine/views/z/pvl/7-9ad6edfdd7-3z8dmg.json","webengine\views\z\pvl\7-9ad6edfdd7-3z8dmg.json"
"published","zhtml","7-9ad6edfdd7-3z8dmg.zhtml","webengine/views/z/pvl/7-9ad6edfdd7-3z8dmg.zhtml","webengine\views\z\pvl\7-9ad6edfdd7-3z8dmg.zhtml"
"published","json","7-9ada96b5fb-r1kw9n.json","webengine/views/z/pvl/7-9ada96b5fb-r1kw9n.json","webengine\views\z\pvl\7-9ada96b5fb-r1kw9n.json"
"published","zhtml","7-9ada96b5fb-r1kw9n.zhtml","webengine/views/z/pvl/7-9ada96b5fb-r1kw9n.zhtml","webengine\views\z\pvl\7-9ada96b5fb-r1kw9n.zhtml"
"published","json","7-9cc1a8ecbe-qg4g78.json","webengine/views/z/pvl/7-9cc1a8ecbe-qg4g78.json","webengine\views\z\pvl\7-9cc1a8ecbe-qg4g78.json"
"published","zhtml","7-9cc1a8ecbe-qg4g78.zhtml","webengine/views/z/pvl/7-9cc1a8ecbe-qg4g78.zhtml","webengine\views\z\pvl\7-9cc1a8ecbe-qg4g78.zhtml"
"published","json","7-9ea6b4fff0-p52429.json","webengine/views/z/pvl/7-9ea6b4fff0-p52429.json","webengine\views\z\pvl\7-9ea6b4fff0-p52429.json"
"published","zhtml","7-9ea6b4fff0-p52429.zhtml","webengine/views/z/pvl/7-9ea6b4fff0-p52429.zhtml","webengine\views\z\pvl\7-9ea6b4fff0-p52429.zhtml"
"published","json","7-a0ad84ac8b-8j27v7.json","webengine/views/z/pvl/7-a0ad84ac8b-8j27v7.json","webengine\views\z\pvl\7-a0ad84ac8b-8j27v7.json"
"published","zhtml","7-a0ad84ac8b-8j27v7.zhtml","webengine/views/z/pvl/7-a0ad84ac8b-8j27v7.zhtml","webengine\views\z\pvl\7-a0ad84ac8b-8j27v7.zhtml"
"published","json","7-a0d6a0ca8c-lq0tx7.json","webengine/views/z/pvl/7-a0d6a0ca8c-lq0tx7.json","webengine\views\z\pvl\7-a0d6a0ca8c-lq0tx7.json"
"published","zhtml","7-a0d6a0ca8c-lq0tx7.zhtml","webengine/views/z/pvl/7-a0d6a0ca8c-lq0tx7.zhtml","webengine\views\z\pvl\7-a0d6a0ca8c-lq0tx7.zhtml"
"published","json","7-a0fdd3a1a1-07ld6k.json","webengine/views/z/pvl/7-a0fdd3a1a1-07ld6k.json","webengine\views\z\pvl\7-a0fdd3a1a1-07ld6k.json"
"published","zhtml","7-a0fdd3a1a1-07ld6k.zhtml","webengine/views/z/pvl/7-a0fdd3a1a1-07ld6k.zhtml","webengine\views\z\pvl\7-a0fdd3a1a1-07ld6k.zhtml"
"published","json","7-a296fed2a6-xnvtlk.json","webengine/views/z/pvl/7-a296fed2a6-xnvtlk.json","webengine\views\z\pvl\7-a296fed2a6-xnvtlk.json"
"published","zhtml","7-a296fed2a6-xnvtlk.zhtml","webengine/views/z/pvl/7-a296fed2a6-xnvtlk.zhtml","webengine\views\z\pvl\7-a296fed2a6-xnvtlk.zhtml"
"published","json","7-a4838683d4-52wqr7.json","webengine/views/z/pvl/7-a4838683d4-52wqr7.json","webengine\views\z\pvl\7-a4838683d4-52wqr7.json"
"published","zhtml","7-a4838683d4-52wqr7.zhtml","webengine/views/z/pvl/7-a4838683d4-52wqr7.zhtml","webengine\views\z\pvl\7-a4838683d4-52wqr7.zhtml"
"published","json","7-a4a38defb1-jrjvqv.json","webengine/views/z/pvl/7-a4a38defb1-jrjvqv.json","webengine\views\z\pvl\7-a4a38defb1-jrjvqv.json"
"published","zhtml","7-a4a38defb1-jrjvqv.zhtml","webengine/views/z/pvl/7-a4a38defb1-jrjvqv.zhtml","webengine\views\z\pvl\7-a4a38defb1-jrjvqv.zhtml"
"published","json","7-a4a8c6f6d6-2kdm2t.json","webengine/views/z/pvl/7-a4a8c6f6d6-2kdm2t.json","webengine\views\z\pvl\7-a4a8c6f6d6-2kdm2t.json"
"published","zhtml","7-a4a8c6f6d6-2kdm2t.zhtml","webengine/views/z/pvl/7-a4a8c6f6d6-2kdm2t.zhtml","webengine\views\z\pvl\7-a4a8c6f6d6-2kdm2t.zhtml"
"published","json","7-a4d6d0fe81-ph5kxc.json","webengine/views/z/pvl/7-a4d6d0fe81-ph5kxc.json","webengine\views\z\pvl\7-a4d6d0fe81-ph5kxc.json"
"published","zhtml","7-a4d6d0fe81-ph5kxc.zhtml","webengine/views/z/pvl/7-a4d6d0fe81-ph5kxc.zhtml","webengine\views\z\pvl\7-a4d6d0fe81-ph5kxc.zhtml"
"published","json","7-a4e0c9d8f8-0hn8fl.json","webengine/views/z/pvl/7-a4e0c9d8f8-0hn8fl.json","webengine\views\z\pvl\7-a4e0c9d8f8-0hn8fl.json"
"published","zhtml","7-a4e0c9d8f8-0hn8fl.zhtml","webengine/views/z/pvl/7-a4e0c9d8f8-0hn8fl.zhtml","webengine\views\z\pvl\7-a4e0c9d8f8-0hn8fl.zhtml"
"published","json","7-a697a78cc4-cj2zwl.json","webengine/views/z/pvl/7-a697a78cc4-cj2zwl.json","webengine\views\z\pvl\7-a697a78cc4-cj2zwl.json"
"published","zhtml","7-a697a78cc4-cj2zwl.zhtml","webengine/views/z/pvl/7-a697a78cc4-cj2zwl.zhtml","webengine\views\z\pvl\7-a697a78cc4-cj2zwl.zhtml"
"published","json","7-a6abf1e2f5-l9fklg.json","webengine/views/z/pvl/7-a6abf1e2f5-l9fklg.json","webengine\views\z\pvl\7-a6abf1e2f5-l9fklg.json"
"published","zhtml","7-a6abf1e2f5-l9fklg.zhtml","webengine/views/z/pvl/7-a6abf1e2f5-l9fklg.zhtml","webengine\views\z\pvl\7-a6abf1e2f5-l9fklg.zhtml"
"published","json","7-a6ad96edd0-949sh2.json","webengine/views/z/pvl/7-a6ad96edd0-949sh2.json","webengine\views\z\pvl\7-a6ad96edd0-949sh2.json"
"published","zhtml","7-a6ad96edd0-949sh2.zhtml","webengine/views/z/pvl/7-a6ad96edd0-949sh2.zhtml","webengine\views\z\pvl\7-a6ad96edd0-949sh2.zhtml"
"published","json","7-a6d0f1b0c9-q2bz6t.json","webengine/views/z/pvl/7-a6d0f1b0c9-q2bz6t.json","webengine\views\z\pvl\7-a6d0f1b0c9-q2bz6t.json"
"published","zhtml","7-a6d0f1b0c9-q2bz6t.zhtml","webengine/views/z/pvl/7-a6d0f1b0c9-q2bz6t.zhtml","webengine\views\z\pvl\7-a6d0f1b0c9-q2bz6t.zhtml"
"published","json","7-a6f3f0c3bc-hldd57.json","webengine/views/z/pvl/7-a6f3f0c3bc-hldd57.json","webengine\views\z\pvl\7-a6f3f0c3bc-hldd57.json"
"published","zhtml","7-a6f3f0c3bc-hldd57.zhtml","webengine/views/z/pvl/7-a6f3f0c3bc-hldd57.zhtml","webengine\views\z\pvl\7-a6f3f0c3bc-hldd57.zhtml"
"published","json","7-a6fdf4dad6-sg2tbd.json","webengine/views/z/pvl/7-a6fdf4dad6-sg2tbd.json","webengine\views\z\pvl\7-a6fdf4dad6-sg2tbd.json"
"published","zhtml","7-a6fdf4dad6-sg2tbd.zhtml","webengine/views/z/pvl/7-a6fdf4dad6-sg2tbd.zhtml","webengine\views\z\pvl\7-a6fdf4dad6-sg2tbd.zhtml"
"published","json","7-a899cfd58e-kvgml4.json","webengine/views/z/pvl/7-a899cfd58e-kvgml4.json","webengine\views\z\pvl\7-a899cfd58e-kvgml4.json"
"published","zhtml","7-a899cfd58e-kvgml4.zhtml","webengine/views/z/pvl/7-a899cfd58e-kvgml4.zhtml","webengine\views\z\pvl\7-a899cfd58e-kvgml4.zhtml"
"published","json","7-a8ab81ce92-mm830b.json","webengine/views/z/pvl/7-a8ab81ce92-mm830b.json","webengine\views\z\pvl\7-a8ab81ce92-mm830b.json"
"published","zhtml","7-a8ab81ce92-mm830b.zhtml","webengine/views/z/pvl/7-a8ab81ce92-mm830b.zhtml","webengine\views\z\pvl\7-a8ab81ce92-mm830b.zhtml"
"published","json","7-a8c0afcec5-lgqb5s.json","webengine/views/z/pvl/7-a8c0afcec5-lgqb5s.json","webengine\views\z\pvl\7-a8c0afcec5-lgqb5s.json"
"published","zhtml","7-a8c0afcec5-lgqb5s.zhtml","webengine/views/z/pvl/7-a8c0afcec5-lgqb5s.zhtml","webengine\views\z\pvl\7-a8c0afcec5-lgqb5s.zhtml"
"published","json","7-a8dcadc0bd-cmtkqs.json","webengine/views/z/pvl/7-a8dcadc0bd-cmtkqs.json","webengine\views\z\pvl\7-a8dcadc0bd-cmtkqs.json"
"published","zhtml","7-a8dcadc0bd-cmtkqs.zhtml","webengine/views/z/pvl/7-a8dcadc0bd-cmtkqs.zhtml","webengine\views\z\pvl\7-a8dcadc0bd-cmtkqs.zhtml"
"published","json","7-a8f9caafd5-qjwc28.json","webengine/views/z/pvl/7-a8f9caafd5-qjwc28.json","webengine\views\z\pvl\7-a8f9caafd5-qjwc28.json"
"published","zhtml","7-a8f9caafd5-qjwc28.zhtml","webengine/views/z/pvl/7-a8f9caafd5-qjwc28.zhtml","webengine\views\z\pvl\7-a8f9caafd5-qjwc28.zhtml"
"published","json","7-aa80dab2e9-11k1dl.json","webengine/views/z/pvl/7-aa80dab2e9-11k1dl.json","webengine\views\z\pvl\7-aa80dab2e9-11k1dl.json"
"published","zhtml","7-aa80dab2e9-11k1dl.zhtml","webengine/views/z/pvl/7-aa80dab2e9-11k1dl.zhtml","webengine\views\z\pvl\7-aa80dab2e9-11k1dl.zhtml"
"published","json","7-aae2b4f1ce-6df91v.json","webengine/views/z/pvl/7-aae2b4f1ce-6df91v.json","webengine\views\z\pvl\7-aae2b4f1ce-6df91v.json"
"published","zhtml","7-aae2b4f1ce-6df91v.zhtml","webengine/views/z/pvl/7-aae2b4f1ce-6df91v.zhtml","webengine\views\z\pvl\7-aae2b4f1ce-6df91v.zhtml"
"published","json","7-accb8fe0bf-7p5164.json","webengine/views/z/pvl/7-accb8fe0bf-7p5164.json","webengine\views\z\pvl\7-accb8fe0bf-7p5164.json"
"published","zhtml","7-accb8fe0bf-7p5164.zhtml","webengine/views/z/pvl/7-accb8fe0bf-7p5164.zhtml","webengine\views\z\pvl\7-accb8fe0bf-7p5164.zhtml"
"published","json","7-acd5a5f7ca-4j7f5t.json","webengine/views/z/pvl/7-acd5a5f7ca-4j7f5t.json","webengine\views\z\pvl\7-acd5a5f7ca-4j7f5t.json"
"published","zhtml","7-acd5a5f7ca-4j7f5t.zhtml","webengine/views/z/pvl/7-acd5a5f7ca-4j7f5t.zhtml","webengine\views\z\pvl\7-acd5a5f7ca-4j7f5t.zhtml"
"published","json","7-ae87e28ceb-gl8v3m.json","webengine/views/z/pvl/7-ae87e28ceb-gl8v3m.json","webengine\views\z\pvl\7-ae87e28ceb-gl8v3m.json"
"published","zhtml","7-ae87e28ceb-gl8v3m.zhtml","webengine/views/z/pvl/7-ae87e28ceb-gl8v3m.zhtml","webengine\views\z\pvl\7-ae87e28ceb-gl8v3m.zhtml"
"published","json","7-ae8ac6abbb-6zncs9.json","webengine/views/z/pvl/7-ae8ac6abbb-6zncs9.json","webengine\views\z\pvl\7-ae8ac6abbb-6zncs9.json"
"published","zhtml","7-ae8ac6abbb-6zncs9.zhtml","webengine/views/z/pvl/7-ae8ac6abbb-6zncs9.zhtml","webengine\views\z\pvl\7-ae8ac6abbb-6zncs9.zhtml"
"published","json","7-b0a08d86c4-xz9pm3.json","webengine/views/z/pvl/7-b0a08d86c4-xz9pm3.json","webengine\views\z\pvl\7-b0a08d86c4-xz9pm3.json"
"published","zhtml","7-b0a08d86c4-xz9pm3.zhtml","webengine/views/z/pvl/7-b0a08d86c4-xz9pm3.zhtml","webengine\views\z\pvl\7-b0a08d86c4-xz9pm3.zhtml"
"published","json","7-b0e2afd6f9-t0dckq.json","webengine/views/z/pvl/7-b0e2afd6f9-t0dckq.json","webengine\views\z\pvl\7-b0e2afd6f9-t0dckq.json"
"published","zhtml","7-b0e2afd6f9-t0dckq.zhtml","webengine/views/z/pvl/7-b0e2afd6f9-t0dckq.zhtml","webengine\views\z\pvl\7-b0e2afd6f9-t0dckq.zhtml"
"published","json","7-b289cde7d2-28m2fh.json","webengine/views/z/pvl/7-b289cde7d2-28m2fh.json","webengine\views\z\pvl\7-b289cde7d2-28m2fh.json"
"published","zhtml","7-b289cde7d2-28m2fh.zhtml","webengine/views/z/pvl/7-b289cde7d2-28m2fh.zhtml","webengine\views\z\pvl\7-b289cde7d2-28m2fh.zhtml"
"published","json","7-b28bccbbe2-zs8m01.json","webengine/views/z/pvl/7-b28bccbbe2-zs8m01.json","webengine\views\z\pvl\7-b28bccbbe2-zs8m01.json"
"published","zhtml","7-b28bccbbe2-zs8m01.zhtml","webengine/views/z/pvl/7-b28bccbbe2-zs8m01.zhtml","webengine\views\z\pvl\7-b28bccbbe2-zs8m01.zhtml"
"published","json","7-b2968a9adb-2c55lv.json","webengine/views/z/pvl/7-b2968a9adb-2c55lv.json","webengine\views\z\pvl\7-b2968a9adb-2c55lv.json"
"published","zhtml","7-b2968a9adb-2c55lv.zhtml","webengine/views/z/pvl/7-b2968a9adb-2c55lv.zhtml","webengine\views\z\pvl\7-b2968a9adb-2c55lv.zhtml"
"published","json","7-b2efe2ac80-73xzp5.json","webengine/views/z/pvl/7-b2efe2ac80-73xzp5.json","webengine\views\z\pvl\7-b2efe2ac80-73xzp5.json"
"published","zhtml","7-b2efe2ac80-73xzp5.zhtml","webengine/views/z/pvl/7-b2efe2ac80-73xzp5.zhtml","webengine\views\z\pvl\7-b2efe2ac80-73xzp5.zhtml"
"published","json","7-b2f1e3d1e3-2prlm0.json","webengine/views/z/pvl/7-b2f1e3d1e3-2prlm0.json","webengine\views\z\pvl\7-b2f1e3d1e3-2prlm0.json"
"published","zhtml","7-b2f1e3d1e3-2prlm0.zhtml","webengine/views/z/pvl/7-b2f1e3d1e3-2prlm0.zhtml","webengine\views\z\pvl\7-b2f1e3d1e3-2prlm0.zhtml"
"published","json","7-b497e68486-hnw1fq.json","webengine/views/z/pvl/7-b497e68486-hnw1fq.json","webengine\views\z\pvl\7-b497e68486-hnw1fq.json"
"published","zhtml","7-b497e68486-hnw1fq.zhtml","webengine/views/z/pvl/7-b497e68486-hnw1fq.zhtml","webengine\views\z\pvl\7-b497e68486-hnw1fq.zhtml"
"published","json","7-b4fdeabfa3-dqs1m4.json","webengine/views/z/pvl/7-b4fdeabfa3-dqs1m4.json","webengine\views\z\pvl\7-b4fdeabfa3-dqs1m4.json"
"published","zhtml","7-b4fdeabfa3-dqs1m4.zhtml","webengine/views/z/pvl/7-b4fdeabfa3-dqs1m4.zhtml","webengine\views\z\pvl\7-b4fdeabfa3-dqs1m4.zhtml"
"published","json","7-b6cf8cd0a7-6q4k7t.json","webengine/views/z/pvl/7-b6cf8cd0a7-6q4k7t.json","webengine\views\z\pvl\7-b6cf8cd0a7-6q4k7t.json"
"published","zhtml","7-b6cf8cd0a7-6q4k7t.zhtml","webengine/views/z/pvl/7-b6cf8cd0a7-6q4k7t.zhtml","webengine\views\z\pvl\7-b6cf8cd0a7-6q4k7t.zhtml"
"published","json","7-b6fb94a8d9-5cpc9x.json","webengine/views/z/pvl/7-b6fb94a8d9-5cpc9x.json","webengine\views\z\pvl\7-b6fb94a8d9-5cpc9x.json"
"published","zhtml","7-b6fb94a8d9-5cpc9x.zhtml","webengine/views/z/pvl/7-b6fb94a8d9-5cpc9x.zhtml","webengine\views\z\pvl\7-b6fb94a8d9-5cpc9x.zhtml"
"published","json","7-b8d7f48b85-xjlxvh.json","webengine/views/z/pvl/7-b8d7f48b85-xjlxvh.json","webengine\views\z\pvl\7-b8d7f48b85-xjlxvh.json"
"published","zhtml","7-b8d7f48b85-xjlxvh.zhtml","webengine/views/z/pvl/7-b8d7f48b85-xjlxvh.zhtml","webengine\views\z\pvl\7-b8d7f48b85-xjlxvh.zhtml"
"published","json","7-b8f7e090a4-2cm5vj.json","webengine/views/z/pvl/7-b8f7e090a4-2cm5vj.json","webengine\views\z\pvl\7-b8f7e090a4-2cm5vj.json"
"published","zhtml","7-b8f7e090a4-2cm5vj.zhtml","webengine/views/z/pvl/7-b8f7e090a4-2cm5vj.zhtml","webengine\views\z\pvl\7-b8f7e090a4-2cm5vj.zhtml"
"published","json","7-ba85e5b3ca-wh484z.json","webengine/views/z/pvl/7-ba85e5b3ca-wh484z.json","webengine\views\z\pvl\7-ba85e5b3ca-wh484z.json"
"published","zhtml","7-ba85e5b3ca-wh484z.zhtml","webengine/views/z/pvl/7-ba85e5b3ca-wh484z.zhtml","webengine\views\z\pvl\7-ba85e5b3ca-wh484z.zhtml"
"published","json","7-ba8b81f89b-q8z4g9.json","webengine/views/z/pvl/7-ba8b81f89b-q8z4g9.json","webengine\views\z\pvl\7-ba8b81f89b-q8z4g9.json"
"published","zhtml","7-ba8b81f89b-q8z4g9.zhtml","webengine/views/z/pvl/7-ba8b81f89b-q8z4g9.zhtml","webengine\views\z\pvl\7-ba8b81f89b-q8z4g9.zhtml"
"published","json","7-baaac9b783-x0m56j.json","webengine/views/z/pvl/7-baaac9b783-x0m56j.json","webengine\views\z\pvl\7-baaac9b783-x0m56j.json"
"published","zhtml","7-baaac9b783-x0m56j.zhtml","webengine/views/z/pvl/7-baaac9b783-x0m56j.zhtml","webengine\views\z\pvl\7-baaac9b783-x0m56j.zhtml"
"published","json","7-bae99ee0f9-92v3b9.json","webengine/views/z/pvl/7-bae99ee0f9-92v3b9.json","webengine\views\z\pvl\7-bae99ee0f9-92v3b9.json"
"published","zhtml","7-bae99ee0f9-92v3b9.zhtml","webengine/views/z/pvl/7-bae99ee0f9-92v3b9.zhtml","webengine\views\z\pvl\7-bae99ee0f9-92v3b9.zhtml"
"published","json","7-bc8ad983a6-lt5cjg.json","webengine/views/z/pvl/7-bc8ad983a6-lt5cjg.json","webengine\views\z\pvl\7-bc8ad983a6-lt5cjg.json"
"published","zhtml","7-bc8ad983a6-lt5cjg.zhtml","webengine/views/z/pvl/7-bc8ad983a6-lt5cjg.zhtml","webengine\views\z\pvl\7-bc8ad983a6-lt5cjg.zhtml"
"published","json","7-bc9bb9b4e0-0wcjjc.json","webengine/views/z/pvl/7-bc9bb9b4e0-0wcjjc.json","webengine\views\z\pvl\7-bc9bb9b4e0-0wcjjc.json"
"published","zhtml","7-bc9bb9b4e0-0wcjjc.zhtml","webengine/views/z/pvl/7-bc9bb9b4e0-0wcjjc.zhtml","webengine\views\z\pvl\7-bc9bb9b4e0-0wcjjc.zhtml"
"published","json","7-bca1c4f9b3-cw4bxq.json","webengine/views/z/pvl/7-bca1c4f9b3-cw4bxq.json","webengine\views\z\pvl\7-bca1c4f9b3-cw4bxq.json"
"published","zhtml","7-bca1c4f9b3-cw4bxq.zhtml","webengine/views/z/pvl/7-bca1c4f9b3-cw4bxq.zhtml","webengine\views\z\pvl\7-bca1c4f9b3-cw4bxq.zhtml"
"published","json","7-bce9e6e2dd-qvkrgx.json","webengine/views/z/pvl/7-bce9e6e2dd-qvkrgx.json","webengine\views\z\pvl\7-bce9e6e2dd-qvkrgx.json"
"published","zhtml","7-bce9e6e2dd-qvkrgx.zhtml","webengine/views/z/pvl/7-bce9e6e2dd-qvkrgx.zhtml","webengine\views\z\pvl\7-bce9e6e2dd-qvkrgx.zhtml"
"published","json","7-c0cf96ebaf-2x5khz.json","webengine/views/z/pvl/7-c0cf96ebaf-2x5khz.json","webengine\views\z\pvl\7-c0cf96ebaf-2x5khz.json"
"published","zhtml","7-c0cf96ebaf-2x5khz.zhtml","webengine/views/z/pvl/7-c0cf96ebaf-2x5khz.zhtml","webengine\views\z\pvl\7-c0cf96ebaf-2x5khz.zhtml"
"published","json","7-c0f1a1ef80-0k4gb5.json","webengine/views/z/pvl/7-c0f1a1ef80-0k4gb5.json","webengine\views\z\pvl\7-c0f1a1ef80-0k4gb5.json"
"published","zhtml","7-c0f1a1ef80-0k4gb5.zhtml","webengine/views/z/pvl/7-c0f1a1ef80-0k4gb5.zhtml","webengine\views\z\pvl\7-c0f1a1ef80-0k4gb5.zhtml"
"published","json","7-c297c8f681-2vw3r9.json","webengine/views/z/pvl/7-c297c8f681-2vw3r9.json","webengine\views\z\pvl\7-c297c8f681-2vw3r9.json"
"published","zhtml","7-c297c8f681-2vw3r9.zhtml","webengine/views/z/pvl/7-c297c8f681-2vw3r9.zhtml","webengine\views\z\pvl\7-c297c8f681-2vw3r9.zhtml"
"published","json","7-c2b8b28af6-wfhtps.json","webengine/views/z/pvl/7-c2b8b28af6-wfhtps.json","webengine\views\z\pvl\7-c2b8b28af6-wfhtps.json"
"published","zhtml","7-c2b8b28af6-wfhtps.zhtml","webengine/views/z/pvl/7-c2b8b28af6-wfhtps.zhtml","webengine\views\z\pvl\7-c2b8b28af6-wfhtps.zhtml"
"published","json","7-c2cfbeb3d8-lp57j0.json","webengine/views/z/pvl/7-c2cfbeb3d8-lp57j0.json","webengine\views\z\pvl\7-c2cfbeb3d8-lp57j0.json"
"published","zhtml","7-c2cfbeb3d8-lp57j0.zhtml","webengine/views/z/pvl/7-c2cfbeb3d8-lp57j0.zhtml","webengine\views\z\pvl\7-c2cfbeb3d8-lp57j0.zhtml"
"published","json","7-c2e4d4a7b6-75zj69.json","webengine/views/z/pvl/7-c2e4d4a7b6-75zj69.json","webengine\views\z\pvl\7-c2e4d4a7b6-75zj69.json"
"published","zhtml","7-c2e4d4a7b6-75zj69.zhtml","webengine/views/z/pvl/7-c2e4d4a7b6-75zj69.zhtml","webengine\views\z\pvl\7-c2e4d4a7b6-75zj69.zhtml"
"published","json","7-c4a9e9afd0-z5svh1.json","webengine/views/z/pvl/7-c4a9e9afd0-z5svh1.json","webengine\views\z\pvl\7-c4a9e9afd0-z5svh1.json"
"published","zhtml","7-c4a9e9afd0-z5svh1.zhtml","webengine/views/z/pvl/7-c4a9e9afd0-z5svh1.zhtml","webengine\views\z\pvl\7-c4a9e9afd0-z5svh1.zhtml"
"published","json","7-c4b8d3f6b6-zsfs85.json","webengine/views/z/pvl/7-c4b8d3f6b6-zsfs85.json","webengine\views\z\pvl\7-c4b8d3f6b6-zsfs85.json"
"published","zhtml","7-c4b8d3f6b6-zsfs85.zhtml","webengine/views/z/pvl/7-c4b8d3f6b6-zsfs85.zhtml","webengine\views\z\pvl\7-c4b8d3f6b6-zsfs85.zhtml"
"published","json","7-c4b9a7e7e9-kj7ndl.json","webengine/views/z/pvl/7-c4b9a7e7e9-kj7ndl.json","webengine\views\z\pvl\7-c4b9a7e7e9-kj7ndl.json"
"published","zhtml","7-c4b9a7e7e9-kj7ndl.zhtml","webengine/views/z/pvl/7-c4b9a7e7e9-kj7ndl.zhtml","webengine\views\z\pvl\7-c4b9a7e7e9-kj7ndl.zhtml"
"published","json","7-c6aed9eed5-lmtl8b.json","webengine/views/z/pvl/7-c6aed9eed5-lmtl8b.json","webengine\views\z\pvl\7-c6aed9eed5-lmtl8b.json"
"published","zhtml","7-c6aed9eed5-lmtl8b.zhtml","webengine/views/z/pvl/7-c6aed9eed5-lmtl8b.zhtml","webengine\views\z\pvl\7-c6aed9eed5-lmtl8b.zhtml"
"published","json","7-c6b3ffc6c5-zmqjf1.json","webengine/views/z/pvl/7-c6b3ffc6c5-zmqjf1.json","webengine\views\z\pvl\7-c6b3ffc6c5-zmqjf1.json"
"published","zhtml","7-c6b3ffc6c5-zmqjf1.zhtml","webengine/views/z/pvl/7-c6b3ffc6c5-zmqjf1.zhtml","webengine\views\z\pvl\7-c6b3ffc6c5-zmqjf1.zhtml"
"published","json","7-c6e594fb9c-ggqzhm.json","webengine/views/z/pvl/7-c6e594fb9c-ggqzhm.json","webengine\views\z\pvl\7-c6e594fb9c-ggqzhm.json"
"published","zhtml","7-c6e594fb9c-ggqzhm.zhtml","webengine/views/z/pvl/7-c6e594fb9c-ggqzhm.zhtml","webengine\views\z\pvl\7-c6e594fb9c-ggqzhm.zhtml"
"published","json","7-c6fbc2f4a4-l6lnjr.json","webengine/views/z/pvl/7-c6fbc2f4a4-l6lnjr.json","webengine\views\z\pvl\7-c6fbc2f4a4-l6lnjr.json"
"published","zhtml","7-c6fbc2f4a4-l6lnjr.zhtml","webengine/views/z/pvl/7-c6fbc2f4a4-l6lnjr.zhtml","webengine\views\z\pvl\7-c6fbc2f4a4-l6lnjr.zhtml"
"published","json","7-c882c0cbc9-kmvxks.json","webengine/views/z/pvl/7-c882c0cbc9-kmvxks.json","webengine\views\z\pvl\7-c882c0cbc9-kmvxks.json"
"published","zhtml","7-c882c0cbc9-kmvxks.zhtml","webengine/views/z/pvl/7-c882c0cbc9-kmvxks.zhtml","webengine\views\z\pvl\7-c882c0cbc9-kmvxks.zhtml"
"published","json","7-c883bd92ca-q15bwr.json","webengine/views/z/pvl/7-c883bd92ca-q15bwr.json","webengine\views\z\pvl\7-c883bd92ca-q15bwr.json"
"published","zhtml","7-c883bd92ca-q15bwr.zhtml","webengine/views/z/pvl/7-c883bd92ca-q15bwr.zhtml","webengine\views\z\pvl\7-c883bd92ca-q15bwr.zhtml"
"published","json","7-c8a1d6b9c2-nlttnr.json","webengine/views/z/pvl/7-c8a1d6b9c2-nlttnr.json","webengine\views\z\pvl\7-c8a1d6b9c2-nlttnr.json"
"published","zhtml","7-c8a1d6b9c2-nlttnr.zhtml","webengine/views/z/pvl/7-c8a1d6b9c2-nlttnr.zhtml","webengine\views\z\pvl\7-c8a1d6b9c2-nlttnr.zhtml"
"published","json","7-c8e2c992f0-6ksx56.json","webengine/views/z/pvl/7-c8e2c992f0-6ksx56.json","webengine\views\z\pvl\7-c8e2c992f0-6ksx56.json"
"published","zhtml","7-c8e2c992f0-6ksx56.zhtml","webengine/views/z/pvl/7-c8e2c992f0-6ksx56.zhtml","webengine\views\z\pvl\7-c8e2c992f0-6ksx56.zhtml"
"published","json","7-c8ed8ab4b2-w4lb9r.json","webengine/views/z/pvl/7-c8ed8ab4b2-w4lb9r.json","webengine\views\z\pvl\7-c8ed8ab4b2-w4lb9r.json"
"published","zhtml","7-c8ed8ab4b2-w4lb9r.zhtml","webengine/views/z/pvl/7-c8ed8ab4b2-w4lb9r.zhtml","webengine\views\z\pvl\7-c8ed8ab4b2-w4lb9r.zhtml"
"published","json","7-ca84d9a2f3-0pjhf2.json","webengine/views/z/pvl/7-ca84d9a2f3-0pjhf2.json","webengine\views\z\pvl\7-ca84d9a2f3-0pjhf2.json"
"published","zhtml","7-ca84d9a2f3-0pjhf2.zhtml","webengine/views/z/pvl/7-ca84d9a2f3-0pjhf2.zhtml","webengine\views\z\pvl\7-ca84d9a2f3-0pjhf2.zhtml"
"published","json","7-ca8880a88f-3hdxfw.json","webengine/views/z/pvl/7-ca8880a88f-3hdxfw.json","webengine\views\z\pvl\7-ca8880a88f-3hdxfw.json"
"published","zhtml","7-ca8880a88f-3hdxfw.zhtml","webengine/views/z/pvl/7-ca8880a88f-3hdxfw.zhtml","webengine\views\z\pvl\7-ca8880a88f-3hdxfw.zhtml"
"published","json","7-ca8fd8ab94-f8hkzx.json","webengine/views/z/pvl/7-ca8fd8ab94-f8hkzx.json","webengine\views\z\pvl\7-ca8fd8ab94-f8hkzx.json"
"published","zhtml","7-ca8fd8ab94-f8hkzx.zhtml","webengine/views/z/pvl/7-ca8fd8ab94-f8hkzx.zhtml","webengine\views\z\pvl\7-ca8fd8ab94-f8hkzx.zhtml"
"published","json","7-ce89839cc5-rwq28f.json","webengine/views/z/pvl/7-ce89839cc5-rwq28f.json","webengine\views\z\pvl\7-ce89839cc5-rwq28f.json"
"published","zhtml","7-ce89839cc5-rwq28f.zhtml","webengine/views/z/pvl/7-ce89839cc5-rwq28f.zhtml","webengine\views\z\pvl\7-ce89839cc5-rwq28f.zhtml"
"published","json","7-ce9fbe9fbc-ps5plq.json","webengine/views/z/pvl/7-ce9fbe9fbc-ps5plq.json","webengine\views\z\pvl\7-ce9fbe9fbc-ps5plq.json"
"published","zhtml","7-ce9fbe9fbc-ps5plq.zhtml","webengine/views/z/pvl/7-ce9fbe9fbc-ps5plq.zhtml","webengine\views\z\pvl\7-ce9fbe9fbc-ps5plq.zhtml"
"published","json","7-ceac96e0a2-7t9cgs.json","webengine/views/z/pvl/7-ceac96e0a2-7t9cgs.json","webengine\views\z\pvl\7-ceac96e0a2-7t9cgs.json"
"published","zhtml","7-ceac96e0a2-7t9cgs.zhtml","webengine/views/z/pvl/7-ceac96e0a2-7t9cgs.zhtml","webengine\views\z\pvl\7-ceac96e0a2-7t9cgs.zhtml"
"published","json","7-cee7b1bbe3-b8shr1.json","webengine/views/z/pvl/7-cee7b1bbe3-b8shr1.json","webengine\views\z\pvl\7-cee7b1bbe3-b8shr1.json"
"published","zhtml","7-cee7b1bbe3-b8shr1.zhtml","webengine/views/z/pvl/7-cee7b1bbe3-b8shr1.zhtml","webengine\views\z\pvl\7-cee7b1bbe3-b8shr1.zhtml"
"published","json","7-cef4b9808a-4hmbch.json","webengine/views/z/pvl/7-cef4b9808a-4hmbch.json","webengine\views\z\pvl\7-cef4b9808a-4hmbch.json"
"published","zhtml","7-cef4b9808a-4hmbch.zhtml","webengine/views/z/pvl/7-cef4b9808a-4hmbch.zhtml","webengine\views\z\pvl\7-cef4b9808a-4hmbch.zhtml"
"published","json","7-d0b19687a8-rtk2c0.json","webengine/views/z/pvl/7-d0b19687a8-rtk2c0.json","webengine\views\z\pvl\7-d0b19687a8-rtk2c0.json"
"published","zhtml","7-d0b19687a8-rtk2c0.zhtml","webengine/views/z/pvl/7-d0b19687a8-rtk2c0.zhtml","webengine\views\z\pvl\7-d0b19687a8-rtk2c0.zhtml"
"published","json","7-d0f9b3dad5-593rht.json","webengine/views/z/pvl/7-d0f9b3dad5-593rht.json","webengine\views\z\pvl\7-d0f9b3dad5-593rht.json"
"published","zhtml","7-d0f9b3dad5-593rht.zhtml","webengine/views/z/pvl/7-d0f9b3dad5-593rht.zhtml","webengine\views\z\pvl\7-d0f9b3dad5-593rht.zhtml"
"published","json","7-d2a1c4cca6-ktkh0t.json","webengine/views/z/pvl/7-d2a1c4cca6-ktkh0t.json","webengine\views\z\pvl\7-d2a1c4cca6-ktkh0t.json"
"published","zhtml","7-d2a1c4cca6-ktkh0t.zhtml","webengine/views/z/pvl/7-d2a1c4cca6-ktkh0t.zhtml","webengine\views\z\pvl\7-d2a1c4cca6-ktkh0t.zhtml"
"published","json","7-d2c2ae89d0-3j6m31.json","webengine/views/z/pvl/7-d2c2ae89d0-3j6m31.json","webengine\views\z\pvl\7-d2c2ae89d0-3j6m31.json"
"published","zhtml","7-d2c2ae89d0-3j6m31.zhtml","webengine/views/z/pvl/7-d2c2ae89d0-3j6m31.zhtml","webengine\views\z\pvl\7-d2c2ae89d0-3j6m31.zhtml"
"published","json","7-d2f8d9f393-tq4nzg.json","webengine/views/z/pvl/7-d2f8d9f393-tq4nzg.json","webengine\views\z\pvl\7-d2f8d9f393-tq4nzg.json"
"published","zhtml","7-d2f8d9f393-tq4nzg.zhtml","webengine/views/z/pvl/7-d2f8d9f393-tq4nzg.zhtml","webengine\views\z\pvl\7-d2f8d9f393-tq4nzg.zhtml"
"published","json","7-d4aea687c3-dkrppb.json","webengine/views/z/pvl/7-d4aea687c3-dkrppb.json","webengine\views\z\pvl\7-d4aea687c3-dkrppb.json"
"published","zhtml","7-d4aea687c3-dkrppb.zhtml","webengine/views/z/pvl/7-d4aea687c3-dkrppb.zhtml","webengine\views\z\pvl\7-d4aea687c3-dkrppb.zhtml"
"published","json","7-d4c0bfd99e-h6zfjq.json","webengine/views/z/pvl/7-d4c0bfd99e-h6zfjq.json","webengine\views\z\pvl\7-d4c0bfd99e-h6zfjq.json"
"published","zhtml","7-d4c0bfd99e-h6zfjq.zhtml","webengine/views/z/pvl/7-d4c0bfd99e-h6zfjq.zhtml","webengine\views\z\pvl\7-d4c0bfd99e-h6zfjq.zhtml"
"published","json","7-d4e9d1d388-5b9rtj.json","webengine/views/z/pvl/7-d4e9d1d388-5b9rtj.json","webengine\views\z\pvl\7-d4e9d1d388-5b9rtj.json"
"published","zhtml","7-d4e9d1d388-5b9rtj.zhtml","webengine/views/z/pvl/7-d4e9d1d388-5b9rtj.zhtml","webengine\views\z\pvl\7-d4e9d1d388-5b9rtj.zhtml"
"published","json","7-d4efd3c5ce-t47gkb.json","webengine/views/z/pvl/7-d4efd3c5ce-t47gkb.json","webengine\views\z\pvl\7-d4efd3c5ce-t47gkb.json"
"published","zhtml","7-d4efd3c5ce-t47gkb.zhtml","webengine/views/z/pvl/7-d4efd3c5ce-t47gkb.zhtml","webengine\views\z\pvl\7-d4efd3c5ce-t47gkb.zhtml"
"published","json","7-d4f1c491ad-2s0jkw.json","webengine/views/z/pvl/7-d4f1c491ad-2s0jkw.json","webengine\views\z\pvl\7-d4f1c491ad-2s0jkw.json"
"published","zhtml","7-d4f1c491ad-2s0jkw.zhtml","webengine/views/z/pvl/7-d4f1c491ad-2s0jkw.zhtml","webengine\views\z\pvl\7-d4f1c491ad-2s0jkw.zhtml"
"published","json","7-d6a9b0fbb4-c6vbv6.json","webengine/views/z/pvl/7-d6a9b0fbb4-c6vbv6.json","webengine\views\z\pvl\7-d6a9b0fbb4-c6vbv6.json"
"published","zhtml","7-d6a9b0fbb4-c6vbv6.zhtml","webengine/views/z/pvl/7-d6a9b0fbb4-c6vbv6.zhtml","webengine\views\z\pvl\7-d6a9b0fbb4-c6vbv6.zhtml"
"published","json","7-d6b993ddba-hgkzsl.json","webengine/views/z/pvl/7-d6b993ddba-hgkzsl.json","webengine\views\z\pvl\7-d6b993ddba-hgkzsl.json"
"published","zhtml","7-d6b993ddba-hgkzsl.zhtml","webengine/views/z/pvl/7-d6b993ddba-hgkzsl.zhtml","webengine\views\z\pvl\7-d6b993ddba-hgkzsl.zhtml"
"published","json","7-d6bb919bf7-3dxzm4.json","webengine/views/z/pvl/7-d6bb919bf7-3dxzm4.json","webengine\views\z\pvl\7-d6bb919bf7-3dxzm4.json"
"published","zhtml","7-d6bb919bf7-3dxzm4.zhtml","webengine/views/z/pvl/7-d6bb919bf7-3dxzm4.zhtml","webengine\views\z\pvl\7-d6bb919bf7-3dxzm4.zhtml"
"published","json","7-d8faf3abfb-fzhb5f.json","webengine/views/z/pvl/7-d8faf3abfb-fzhb5f.json","webengine\views\z\pvl\7-d8faf3abfb-fzhb5f.json"
"published","zhtml","7-d8faf3abfb-fzhb5f.zhtml","webengine/views/z/pvl/7-d8faf3abfb-fzhb5f.zhtml","webengine\views\z\pvl\7-d8faf3abfb-fzhb5f.zhtml"
"published","json","7-dad7a8d5e8-vhl0fc.json","webengine/views/z/pvl/7-dad7a8d5e8-vhl0fc.json","webengine\views\z\pvl\7-dad7a8d5e8-vhl0fc.json"
"published","zhtml","7-dad7a8d5e8-vhl0fc.zhtml","webengine/views/z/pvl/7-dad7a8d5e8-vhl0fc.zhtml","webengine\views\z\pvl\7-dad7a8d5e8-vhl0fc.zhtml"
"published","json","7-dcc8ecf9c7-kvxmrp.json","webengine/views/z/pvl/7-dcc8ecf9c7-kvxmrp.json","webengine\views\z\pvl\7-dcc8ecf9c7-kvxmrp.json"
"published","zhtml","7-dcc8ecf9c7-kvxmrp.zhtml","webengine/views/z/pvl/7-dcc8ecf9c7-kvxmrp.zhtml","webengine\views\z\pvl\7-dcc8ecf9c7-kvxmrp.zhtml"
"published","json","7-dccce080f5-jc62wf.json","webengine/views/z/pvl/7-dccce080f5-jc62wf.json","webengine\views\z\pvl\7-dccce080f5-jc62wf.json"
"published","zhtml","7-dccce080f5-jc62wf.zhtml","webengine/views/z/pvl/7-dccce080f5-jc62wf.zhtml","webengine\views\z\pvl\7-dccce080f5-jc62wf.zhtml"
"published","json","7-decf8d9ea4-9np22c.json","webengine/views/z/pvl/7-decf8d9ea4-9np22c.json","webengine\views\z\pvl\7-decf8d9ea4-9np22c.json"
"published","zhtml","7-decf8d9ea4-9np22c.zhtml","webengine/views/z/pvl/7-decf8d9ea4-9np22c.zhtml","webengine\views\z\pvl\7-decf8d9ea4-9np22c.zhtml"
"published","json","7-e088e0f8f6-1m4v84.json","webengine/views/z/pvl/7-e088e0f8f6-1m4v84.json","webengine\views\z\pvl\7-e088e0f8f6-1m4v84.json"
"published","json","7-e09bfbf3db-lwvcg9.json","webengine/views/z/pvl/7-e09bfbf3db-lwvcg9.json","webengine\views\z\pvl\7-e09bfbf3db-lwvcg9.json"
"published","zhtml","7-e09bfbf3db-lwvcg9.zhtml","webengine/views/z/pvl/7-e09bfbf3db-lwvcg9.zhtml","webengine\views\z\pvl\7-e09bfbf3db-lwvcg9.zhtml"
"published","json","7-e0a48891a5-pfbc02.json","webengine/views/z/pvl/7-e0a48891a5-pfbc02.json","webengine\views\z\pvl\7-e0a48891a5-pfbc02.json"
"published","zhtml","7-e0a48891a5-pfbc02.zhtml","webengine/views/z/pvl/7-e0a48891a5-pfbc02.zhtml","webengine\views\z\pvl\7-e0a48891a5-pfbc02.zhtml"
"published","json","7-e0b1fe93cd-bqlb6l.json","webengine/views/z/pvl/7-e0b1fe93cd-bqlb6l.json","webengine\views\z\pvl\7-e0b1fe93cd-bqlb6l.json"
"published","zhtml","7-e0b1fe93cd-bqlb6l.zhtml","webengine/views/z/pvl/7-e0b1fe93cd-bqlb6l.zhtml","webengine\views\z\pvl\7-e0b1fe93cd-bqlb6l.zhtml"
"published","json","7-e0b39fc0e8-g83v0r.json","webengine/views/z/pvl/7-e0b39fc0e8-g83v0r.json","webengine\views\z\pvl\7-e0b39fc0e8-g83v0r.json"
"published","zhtml","7-e0b39fc0e8-g83v0r.zhtml","webengine/views/z/pvl/7-e0b39fc0e8-g83v0r.zhtml","webengine\views\z\pvl\7-e0b39fc0e8-g83v0r.zhtml"
"published","json","7-e0c0d3c184-67gz5j.json","webengine/views/z/pvl/7-e0c0d3c184-67gz5j.json","webengine\views\z\pvl\7-e0c0d3c184-67gz5j.json"
"published","zhtml","7-e0c0d3c184-67gz5j.zhtml","webengine/views/z/pvl/7-e0c0d3c184-67gz5j.zhtml","webengine\views\z\pvl\7-e0c0d3c184-67gz5j.zhtml"
"published","json","7-e0dbe1c4b7-wcph3p.json","webengine/views/z/pvl/7-e0dbe1c4b7-wcph3p.json","webengine\views\z\pvl\7-e0dbe1c4b7-wcph3p.json"
"published","zhtml","7-e0dbe1c4b7-wcph3p.zhtml","webengine/views/z/pvl/7-e0dbe1c4b7-wcph3p.zhtml","webengine\views\z\pvl\7-e0dbe1c4b7-wcph3p.zhtml"
"published","json","7-e0f28289d0-mhsfnv.json","webengine/views/z/pvl/7-e0f28289d0-mhsfnv.json","webengine\views\z\pvl\7-e0f28289d0-mhsfnv.json"
"published","zhtml","7-e0f28289d0-mhsfnv.zhtml","webengine/views/z/pvl/7-e0f28289d0-mhsfnv.zhtml","webengine\views\z\pvl\7-e0f28289d0-mhsfnv.zhtml"
"published","json","7-e0f5ed95c8-5nm1w2.json","webengine/views/z/pvl/7-e0f5ed95c8-5nm1w2.json","webengine\views\z\pvl\7-e0f5ed95c8-5nm1w2.json"
"published","zhtml","7-e0f5ed95c8-5nm1w2.zhtml","webengine/views/z/pvl/7-e0f5ed95c8-5nm1w2.zhtml","webengine\views\z\pvl\7-e0f5ed95c8-5nm1w2.zhtml"
"published","json","7-e2c0f7d3c6-4hpdfl.json","webengine/views/z/pvl/7-e2c0f7d3c6-4hpdfl.json","webengine\views\z\pvl\7-e2c0f7d3c6-4hpdfl.json"
"published","zhtml","7-e2c0f7d3c6-4hpdfl.zhtml","webengine/views/z/pvl/7-e2c0f7d3c6-4hpdfl.zhtml","webengine\views\z\pvl\7-e2c0f7d3c6-4hpdfl.zhtml"
"published","json","7-e2dffda7ff-4kjqzr.json","webengine/views/z/pvl/7-e2dffda7ff-4kjqzr.json","webengine\views\z\pvl\7-e2dffda7ff-4kjqzr.json"
"published","zhtml","7-e2dffda7ff-4kjqzr.zhtml","webengine/views/z/pvl/7-e2dffda7ff-4kjqzr.zhtml","webengine\views\z\pvl\7-e2dffda7ff-4kjqzr.zhtml"
"published","json","7-e49bc0ecde-xtm0l4.json","webengine/views/z/pvl/7-e49bc0ecde-xtm0l4.json","webengine\views\z\pvl\7-e49bc0ecde-xtm0l4.json"
"published","zhtml","7-e49bc0ecde-xtm0l4.zhtml","webengine/views/z/pvl/7-e49bc0ecde-xtm0l4.zhtml","webengine\views\z\pvl\7-e49bc0ecde-xtm0l4.zhtml"
"published","json","7-e49cd29c86-l1sf8h.json","webengine/views/z/pvl/7-e49cd29c86-l1sf8h.json","webengine\views\z\pvl\7-e49cd29c86-l1sf8h.json"
"published","zhtml","7-e49cd29c86-l1sf8h.zhtml","webengine/views/z/pvl/7-e49cd29c86-l1sf8h.zhtml","webengine\views\z\pvl\7-e49cd29c86-l1sf8h.zhtml"
"published","json","7-e4c5ffaefc-jnzrb6.json","webengine/views/z/pvl/7-e4c5ffaefc-jnzrb6.json","webengine\views\z\pvl\7-e4c5ffaefc-jnzrb6.json"
"published","zhtml","7-e4c5ffaefc-jnzrb6.zhtml","webengine/views/z/pvl/7-e4c5ffaefc-jnzrb6.zhtml","webengine\views\z\pvl\7-e4c5ffaefc-jnzrb6.zhtml"
"published","json","7-e8a1c4d7a9-8twszc.json","webengine/views/z/pvl/7-e8a1c4d7a9-8twszc.json","webengine\views\z\pvl\7-e8a1c4d7a9-8twszc.json"
"published","zhtml","7-e8a1c4d7a9-8twszc.zhtml","webengine/views/z/pvl/7-e8a1c4d7a9-8twszc.zhtml","webengine\views\z\pvl\7-e8a1c4d7a9-8twszc.zhtml"
"published","json","7-e8bb9fb8e8-70lgmm.json","webengine/views/z/pvl/7-e8bb9fb8e8-70lgmm.json","webengine\views\z\pvl\7-e8bb9fb8e8-70lgmm.json"
"published","zhtml","7-e8bb9fb8e8-70lgmm.zhtml","webengine/views/z/pvl/7-e8bb9fb8e8-70lgmm.zhtml","webengine\views\z\pvl\7-e8bb9fb8e8-70lgmm.zhtml"
"published","json","7-e8cfa5d7cc-bs7lg3.json","webengine/views/z/pvl/7-e8cfa5d7cc-bs7lg3.json","webengine\views\z\pvl\7-e8cfa5d7cc-bs7lg3.json"
"published","zhtml","7-e8cfa5d7cc-bs7lg3.zhtml","webengine/views/z/pvl/7-e8cfa5d7cc-bs7lg3.zhtml","webengine\views\z\pvl\7-e8cfa5d7cc-bs7lg3.zhtml"
"published","json","7-e8d6c4aea2-379qc9.json","webengine/views/z/pvl/7-e8d6c4aea2-379qc9.json","webengine\views\z\pvl\7-e8d6c4aea2-379qc9.json"
"published","zhtml","7-e8d6c4aea2-379qc9.zhtml","webengine/views/z/pvl/7-e8d6c4aea2-379qc9.zhtml","webengine\views\z\pvl\7-e8d6c4aea2-379qc9.zhtml"
"published","json","7-e8eee988ba-klcm2z.json","webengine/views/z/pvl/7-e8eee988ba-klcm2z.json","webengine\views\z\pvl\7-e8eee988ba-klcm2z.json"
"published","zhtml","7-e8eee988ba-klcm2z.zhtml","webengine/views/z/pvl/7-e8eee988ba-klcm2z.zhtml","webengine\views\z\pvl\7-e8eee988ba-klcm2z.zhtml"
"published","json","7-eab790b2a2-b6qhrw.json","webengine/views/z/pvl/7-eab790b2a2-b6qhrw.json","webengine\views\z\pvl\7-eab790b2a2-b6qhrw.json"
"published","zhtml","7-eab790b2a2-b6qhrw.zhtml","webengine/views/z/pvl/7-eab790b2a2-b6qhrw.zhtml","webengine\views\z\pvl\7-eab790b2a2-b6qhrw.zhtml"
"published","json","7-ec91a4e0a4-2xz4wc.json","webengine/views/z/pvl/7-ec91a4e0a4-2xz4wc.json","webengine\views\z\pvl\7-ec91a4e0a4-2xz4wc.json"
"published","zhtml","7-ec91a4e0a4-2xz4wc.zhtml","webengine/views/z/pvl/7-ec91a4e0a4-2xz4wc.zhtml","webengine\views\z\pvl\7-ec91a4e0a4-2xz4wc.zhtml"
"published","json","7-ec9bc3f2e2-3x58lq.json","webengine/views/z/pvl/7-ec9bc3f2e2-3x58lq.json","webengine\views\z\pvl\7-ec9bc3f2e2-3x58lq.json"
"published","zhtml","7-ec9bc3f2e2-3x58lq.zhtml","webengine/views/z/pvl/7-ec9bc3f2e2-3x58lq.zhtml","webengine\views\z\pvl\7-ec9bc3f2e2-3x58lq.zhtml"
"published","json","7-ecaf998392-24sdks.json","webengine/views/z/pvl/7-ecaf998392-24sdks.json","webengine\views\z\pvl\7-ecaf998392-24sdks.json"
"published","zhtml","7-ecaf998392-24sdks.zhtml","webengine/views/z/pvl/7-ecaf998392-24sdks.zhtml","webengine\views\z\pvl\7-ecaf998392-24sdks.zhtml"
"published","json","7-ecd198abaf-0ml71x.json","webengine/views/z/pvl/7-ecd198abaf-0ml71x.json","webengine\views\z\pvl\7-ecd198abaf-0ml71x.json"
"published","zhtml","7-ecd198abaf-0ml71x.zhtml","webengine/views/z/pvl/7-ecd198abaf-0ml71x.zhtml","webengine\views\z\pvl\7-ecd198abaf-0ml71x.zhtml"
"published","json","7-ee93c58fc0-rstj1g.json","webengine/views/z/pvl/7-ee93c58fc0-rstj1g.json","webengine\views\z\pvl\7-ee93c58fc0-rstj1g.json"
"published","zhtml","7-ee93c58fc0-rstj1g.zhtml","webengine/views/z/pvl/7-ee93c58fc0-rstj1g.zhtml","webengine\views\z\pvl\7-ee93c58fc0-rstj1g.zhtml"
"published","json","7-eeb1d7aa91-g780gt.json","webengine/views/z/pvl/7-eeb1d7aa91-g780gt.json","webengine\views\z\pvl\7-eeb1d7aa91-g780gt.json"
"published","zhtml","7-eeb1d7aa91-g780gt.zhtml","webengine/views/z/pvl/7-eeb1d7aa91-g780gt.zhtml","webengine\views\z\pvl\7-eeb1d7aa91-g780gt.zhtml"
"published","json","7-eed8c2c5ae-g1bgz9.json","webengine/views/z/pvl/7-eed8c2c5ae-g1bgz9.json","webengine\views\z\pvl\7-eed8c2c5ae-g1bgz9.json"
"published","zhtml","7-eed8c2c5ae-g1bgz9.zhtml","webengine/views/z/pvl/7-eed8c2c5ae-g1bgz9.zhtml","webengine\views\z\pvl\7-eed8c2c5ae-g1bgz9.zhtml"
"published","json","7-f0e0a8de80-mmg51s.json","webengine/views/z/pvl/7-f0e0a8de80-mmg51s.json","webengine\views\z\pvl\7-f0e0a8de80-mmg51s.json"
"published","zhtml","7-f0e0a8de80-mmg51s.zhtml","webengine/views/z/pvl/7-f0e0a8de80-mmg51s.zhtml","webengine\views\z\pvl\7-f0e0a8de80-mmg51s.zhtml"
"published","json","7-f0e989eeaf-g7sr1k.json","webengine/views/z/pvl/7-f0e989eeaf-g7sr1k.json","webengine\views\z\pvl\7-f0e989eeaf-g7sr1k.json"
"published","zhtml","7-f0e989eeaf-g7sr1k.zhtml","webengine/views/z/pvl/7-f0e989eeaf-g7sr1k.zhtml","webengine\views\z\pvl\7-f0e989eeaf-g7sr1k.zhtml"
"published","json","7-f0ecce9199-93b661.json","webengine/views/z/pvl/7-f0ecce9199-93b661.json","webengine\views\z\pvl\7-f0ecce9199-93b661.json"
"published","zhtml","7-f0ecce9199-93b661.zhtml","webengine/views/z/pvl/7-f0ecce9199-93b661.zhtml","webengine\views\z\pvl\7-f0ecce9199-93b661.zhtml"
"published","json","7-f289c9afff-33rbc8.json","webengine/views/z/pvl/7-f289c9afff-33rbc8.json","webengine\views\z\pvl\7-f289c9afff-33rbc8.json"
"published","zhtml","7-f289c9afff-33rbc8.zhtml","webengine/views/z/pvl/7-f289c9afff-33rbc8.zhtml","webengine\views\z\pvl\7-f289c9afff-33rbc8.zhtml"
"published","json","7-f29dd5a3c2-6p5wjk.json","webengine/views/z/pvl/7-f29dd5a3c2-6p5wjk.json","webengine\views\z\pvl\7-f29dd5a3c2-6p5wjk.json"
"published","zhtml","7-f29dd5a3c2-6p5wjk.zhtml","webengine/views/z/pvl/7-f29dd5a3c2-6p5wjk.zhtml","webengine\views\z\pvl\7-f29dd5a3c2-6p5wjk.zhtml"
"published","json","7-f2ad88f1a5-hqj48v.json","webengine/views/z/pvl/7-f2ad88f1a5-hqj48v.json","webengine\views\z\pvl\7-f2ad88f1a5-hqj48v.json"
"published","zhtml","7-f2ad88f1a5-hqj48v.zhtml","webengine/views/z/pvl/7-f2ad88f1a5-hqj48v.zhtml","webengine\views\z\pvl\7-f2ad88f1a5-hqj48v.zhtml"
"published","json","7-f2cde0aecc-qbst4l.json","webengine/views/z/pvl/7-f2cde0aecc-qbst4l.json","webengine\views\z\pvl\7-f2cde0aecc-qbst4l.json"
"published","zhtml","7-f2cde0aecc-qbst4l.zhtml","webengine/views/z/pvl/7-f2cde0aecc-qbst4l.zhtml","webengine\views\z\pvl\7-f2cde0aecc-qbst4l.zhtml"
"published","json","7-f2f1dfdac2-7n4qpq.json","webengine/views/z/pvl/7-f2f1dfdac2-7n4qpq.json","webengine\views\z\pvl\7-f2f1dfdac2-7n4qpq.json"
"published","zhtml","7-f2f1dfdac2-7n4qpq.zhtml","webengine/views/z/pvl/7-f2f1dfdac2-7n4qpq.zhtml","webengine\views\z\pvl\7-f2f1dfdac2-7n4qpq.zhtml"
"published","json","7-f4cca0c7ed-0bp78d.json","webengine/views/z/pvl/7-f4cca0c7ed-0bp78d.json","webengine\views\z\pvl\7-f4cca0c7ed-0bp78d.json"
"published","zhtml","7-f4cca0c7ed-0bp78d.zhtml","webengine/views/z/pvl/7-f4cca0c7ed-0bp78d.zhtml","webengine\views\z\pvl\7-f4cca0c7ed-0bp78d.zhtml"
"published","json","7-f687f3bdcd-n091v5.json","webengine/views/z/pvl/7-f687f3bdcd-n091v5.json","webengine\views\z\pvl\7-f687f3bdcd-n091v5.json"
"published","zhtml","7-f687f3bdcd-n091v5.zhtml","webengine/views/z/pvl/7-f687f3bdcd-n091v5.zhtml","webengine\views\z\pvl\7-f687f3bdcd-n091v5.zhtml"
"published","json","7-f6aaf0a29a-dzpxk3.json","webengine/views/z/pvl/7-f6aaf0a29a-dzpxk3.json","webengine\views\z\pvl\7-f6aaf0a29a-dzpxk3.json"
"published","zhtml","7-f6aaf0a29a-dzpxk3.zhtml","webengine/views/z/pvl/7-f6aaf0a29a-dzpxk3.zhtml","webengine\views\z\pvl\7-f6aaf0a29a-dzpxk3.zhtml"
"published","json","7-f6ddd494bd-kcsdp3.json","webengine/views/z/pvl/7-f6ddd494bd-kcsdp3.json","webengine\views\z\pvl\7-f6ddd494bd-kcsdp3.json"
"published","zhtml","7-f6ddd494bd-kcsdp3.zhtml","webengine/views/z/pvl/7-f6ddd494bd-kcsdp3.zhtml","webengine\views\z\pvl\7-f6ddd494bd-kcsdp3.zhtml"
"published","json","7-f6fb84b8d1-mm8x1p.json","webengine/views/z/pvl/7-f6fb84b8d1-mm8x1p.json","webengine\views\z\pvl\7-f6fb84b8d1-mm8x1p.json"
"published","zhtml","7-f6fb84b8d1-mm8x1p.zhtml","webengine/views/z/pvl/7-f6fb84b8d1-mm8x1p.zhtml","webengine\views\z\pvl\7-f6fb84b8d1-mm8x1p.zhtml"
"published","json","7-f8b99dd8b9-41l611.json","webengine/views/z/pvl/7-f8b99dd8b9-41l611.json","webengine\views\z\pvl\7-f8b99dd8b9-41l611.json"
"published","zhtml","7-f8b99dd8b9-41l611.zhtml","webengine/views/z/pvl/7-f8b99dd8b9-41l611.zhtml","webengine\views\z\pvl\7-f8b99dd8b9-41l611.zhtml"
"published","json","7-f8d4a19bae-vnx2nj.json","webengine/views/z/pvl/7-f8d4a19bae-vnx2nj.json","webengine\views\z\pvl\7-f8d4a19bae-vnx2nj.json"
"published","zhtml","7-f8d4a19bae-vnx2nj.zhtml","webengine/views/z/pvl/7-f8d4a19bae-vnx2nj.zhtml","webengine\views\z\pvl\7-f8d4a19bae-vnx2nj.zhtml"
"published","json","7-f8e2ccb4ac-3j90d3.json","webengine/views/z/pvl/7-f8e2ccb4ac-3j90d3.json","webengine\views\z\pvl\7-f8e2ccb4ac-3j90d3.json"
"published","zhtml","7-f8e2ccb4ac-3j90d3.zhtml","webengine/views/z/pvl/7-f8e2ccb4ac-3j90d3.zhtml","webengine\views\z\pvl\7-f8e2ccb4ac-3j90d3.zhtml"
"published","json","7-fca9fdb287-78qw6s.json","webengine/views/z/pvl/7-fca9fdb287-78qw6s.json","webengine\views\z\pvl\7-fca9fdb287-78qw6s.json"
"published","zhtml","7-fca9fdb287-78qw6s.zhtml","webengine/views/z/pvl/7-fca9fdb287-78qw6s.zhtml","webengine\views\z\pvl\7-fca9fdb287-78qw6s.zhtml"
"published","json","7-fe88a2d985-3zls14.json","webengine/views/z/pvl/7-fe88a2d985-3zls14.json","webengine\views\z\pvl\7-fe88a2d985-3zls14.json"
"published","zhtml","7-fe88a2d985-3zls14.zhtml","webengine/views/z/pvl/7-fe88a2d985-3zls14.zhtml","webengine\views\z\pvl\7-fe88a2d985-3zls14.zhtml"
"published","json","7-fec9aec7f3-xn6rc8.json","webengine/views/z/pvl/7-fec9aec7f3-xn6rc8.json","webengine\views\z\pvl\7-fec9aec7f3-xn6rc8.json"
"published","zhtml","7-fec9aec7f3-xn6rc8.zhtml","webengine/views/z/pvl/7-fec9aec7f3-xn6rc8.zhtml","webengine\views\z\pvl\7-fec9aec7f3-xn6rc8.zhtml"
"published","zhtml","7-fefab4a8f4-d35ft0.zhtml","webengine/views/z/pvl/7-fefab4a8f4-d35ft0.zhtml","webengine\views\z\pvl\7-fefab4a8f4-d35ft0.zhtml"
